-- phpMyAdmin SQL Dump
-- version 4.8.0.1
-- https://www.phpmyadmin.net/
--
-- Host: localhost
-- Generation Time: Jun 13, 2018 at 05:23 PM
-- Server version: 5.7.22-0ubuntu0.16.04.1
-- PHP Version: 7.1.17-1+ubuntu16.04.1+deb.sury.org+1

SET SQL_MODE = "NO_AUTO_VALUE_ON_ZERO";
SET AUTOCOMMIT = 0;
START TRANSACTION;
SET time_zone = "+00:00";


/*!40101 SET @OLD_CHARACTER_SET_CLIENT=@@CHARACTER_SET_CLIENT */;
/*!40101 SET @OLD_CHARACTER_SET_RESULTS=@@CHARACTER_SET_RESULTS */;
/*!40101 SET @OLD_COLLATION_CONNECTION=@@COLLATION_CONNECTION */;
/*!40101 SET NAMES utf8mb4 */;

--
-- Database: `onlinechat`
--

-- --------------------------------------------------------

--
-- Table structure for table `chat`
--

CREATE TABLE `chat` (
  `uid` int(50) NOT NULL,
  `fullname` varchar(30) NOT NULL,
  `password` varchar(50) NOT NULL,
  `username` varchar(50) NOT NULL,
  `useronline` tinyint(1) NOT NULL,
  `is_admin` int(1) NOT NULL,
  `dt` timestamp NOT NULL DEFAULT CURRENT_TIMESTAMP ON UPDATE CURRENT_TIMESTAMP,
  `ip` int(11) DEFAULT NULL,
  `country` varchar(80) DEFAULT NULL,
  `countrycode` varchar(2) DEFAULT NULL,
  `city` varchar(80) DEFAULT NULL
) ENGINE=InnoDB DEFAULT CHARSET=latin1;

--
-- Dumping data for table `chat`
--

INSERT INTO `chat` (`uid`, `fullname`, `password`, `username`, `useronline`, `is_admin`, `dt`, `ip`, `country`, `countrycode`, `city`) VALUES
(10, 'ahmed', '81dc9bdb52d04dc20036dbd8313ed055', 'ahmed', 0, 0, '2018-06-06 11:41:25', NULL, '', '', ''),
(12, 'admin', '21232f297a57a5a743894a0e4a801fc3', 'admin', 0, 1, '2018-06-06 11:41:25', NULL, '', '', ''),
(13, 'imran', '73bebce395b6f1efedcf6842fbdb4d76', 'im', 0, 0, '2018-06-06 11:41:25', NULL, '', '', ''),
(14, 'joy ', 'c2c8e798aecbc26d86e4805114b03c51', 'joy', 0, 0, '2018-06-06 11:41:25', NULL, '', '', ''),
(15, 'codilar', 'ad3b1f0915c59133e24f860e623dcdfd', 'codilar', 0, 0, '2018-06-06 11:41:25', NULL, '', '', ''),
(16, 'john', '81dc9bdb52d04dc20036dbd8313ed055', 'john', 0, 0, '2018-06-06 11:41:25', NULL, '', '', ''),
(17, 'Bharat N', 'e10adc3949ba59abbe56e057f20f883e', 'Bharath', 0, 0, '2018-06-06 11:41:25', NULL, '', '', ''),
(18, 'TestUser', '5f4dcc3b5aa765d61d8327deb882cf99', 'user', 0, 0, '2018-06-06 11:41:25', NULL, '', '', ''),
(19, 'drad', '81dc9bdb52d04dc20036dbd8313ed055', 'drad', 0, 0, '2018-06-06 11:49:59', NULL, '', '', ''),
(20, 'php', '81dc9bdb52d04dc20036dbd8313ed055', 'php', 0, 0, '2018-06-06 12:25:22', NULL, NULL, NULL, NULL),
(21, 'imr', '73bebce395b6f1efedcf6842fbdb4d76', 'imr', 0, 0, '2018-06-06 12:25:52', NULL, NULL, NULL, NULL);

-- --------------------------------------------------------

--
-- Table structure for table `messages`
--

CREATE TABLE `messages` (
  `messageId` int(11) NOT NULL,
  `msgRegisterDate` datetime(6) NOT NULL,
  `messageBody` varchar(100) NOT NULL,
  `messageSession` varchar(100) DEFAULT NULL,
  `messageSenderId` int(50) NOT NULL
) ENGINE=InnoDB DEFAULT CHARSET=latin1;

--
-- Dumping data for table `messages`
--

INSERT INTO `messages` (`messageId`, `msgRegisterDate`, `messageBody`, `messageSession`, `messageSenderId`) VALUES
(1, '2018-05-29 16:55:35.000000', 'rthhhh', '', 13),
(2, '2018-05-29 16:55:39.000000', 'hhhhhhhhhh', '', 13),
(3, '2018-05-29 16:55:40.000000', 'hhhhhhhhhh', '', 13),
(4, '2018-05-29 16:55:49.000000', 'hhhhhhhhhhhhh', '', 13),
(5, '2018-05-29 16:56:02.000000', 'Ji', '', 17),
(6, '2018-05-29 16:56:05.000000', 'rgrrrrrrrrr', '', 13),
(7, '2018-05-29 16:56:07.000000', 'gggggggggggggg', '', 13),
(8, '2018-05-29 16:56:18.000000', 'vnV', '', 17),
(9, '2018-05-29 16:56:43.000000', 'VD', '', 17),
(11, '2018-05-29 16:56:57.000000', 'ccccccccc', '', 10),
(12, '2018-05-29 16:57:06.000000', 'klj', '', 17),
(13, '2018-05-29 17:04:02.000000', '!!', '', 10),
(14, '2018-05-29 17:04:05.000000', ' ', '', 10),
(15, '2018-05-29 17:04:08.000000', ' ', '', 10),
(18, '2018-05-29 17:34:28.000000', 'yo', '', 17),
(19, '2018-05-30 11:59:45.000000', 'hai', '', 13),
(20, '2018-05-30 12:00:08.000000', 'hai', '', 10),
(21, '2018-05-30 12:00:15.000000', 'hello', '', 13),
(22, '2018-05-30 12:24:59.000000', 'h', '', 10),
(23, '2018-05-30 12:32:00.000000', 'test', '', 10),
(24, '2018-05-30 12:32:17.000000', 'hh', '', 13),
(25, '2018-05-30 12:32:30.000000', 'hh', '', 13),
(26, '2018-05-30 14:53:54.000000', 'asd', '', 10),
(27, '2018-05-30 16:46:25.000000', 'k', '', 17),
(28, '2018-05-30 17:26:41.000000', 'gff', '', 10),
(29, '2018-05-30 18:08:36.000000', 'dgdsgd', '', 17),
(30, '2018-05-31 10:44:34.000000', 'dcw', '', 10),
(31, '2018-05-31 13:01:40.000000', 'uuuuuuuuuuuuu', '', 10),
(32, '2018-05-31 14:50:43.000000', 'mewog', '', 10),
(33, '2018-05-31 14:51:25.000000', 'h3ufhuef', '', 10),
(34, '2018-05-31 14:51:38.000000', 'SSS', '', 17),
(35, '2018-05-31 14:55:20.000000', 'BFDDBDB', '', 17),
(36, '2018-05-31 15:29:41.000000', 'igrgrgrgrgrggggrgrgirgrgriggggirgtrgitgtrgittttgqwertyuiopasdfghj', '', 10),
(37, '2018-06-04 16:51:22.000000', 'ss', '', 13),
(38, '2018-06-05 16:30:49.000000', 'iufiuwdsfs', '', 13),
(39, '2018-06-05 16:30:51.000000', 'sfsfsf', '', 13),
(40, '2018-06-05 16:30:55.000000', 'dsbdsbsdv', '', 13),
(41, '2018-06-05 16:51:43.000000', 'gngnnnnnnnnnnnnn', '', 13),
(42, '2018-06-05 17:00:34.000000', 'ewfewfewfwfew', '', 13),
(43, '2018-06-05 17:02:03.000000', 'bhaearth', '', 13),
(44, '2018-06-05 22:18:16.000000', 'sdasd', '', 13),
(45, '2018-06-05 22:18:18.000000', 'sdasd', '', 13),
(46, '2018-06-05 22:19:27.000000', 'adasd', '', 13),
(47, '2018-06-06 10:21:53.000000', 'oiengjnre', '', 13),
(48, '2018-06-06 10:22:08.000000', 'omfokvdv', '', 13),
(49, '2018-06-06 10:22:11.000000', 'ffffffffffffffffffffffffffffff', '', 13),
(50, '2018-06-06 10:27:55.000000', 'oifvmif', '', 13),
(51, '2018-06-06 10:27:59.000000', 'dddddddddddddddddd', '', 13),
(52, '2018-06-06 10:29:15.000000', 'what', '', 13),
(53, '2018-06-06 10:45:44.000000', 'erfrefref', '', 13),
(54, '2018-06-06 10:45:46.000000', 'erfrefref', '', 13),
(55, '2018-06-06 10:45:50.000000', 'reeeeeeeeeeeee', '', 13),
(56, '2018-06-06 10:45:54.000000', 'fffffffffffffffffffffffffffffffffff', '', 13),
(57, '2018-06-06 10:46:16.000000', 'bharathhh', '', 13),
(58, '2018-06-06 12:39:40.000000', 'qwqsqq', '', 13),
(59, '2018-06-06 15:43:09.000000', 'dwmed', '', 13),
(60, '2018-06-06 15:43:17.000000', 'ewdewd', '', 13),
(61, '2018-06-06 16:09:19.000000', 'imim', '', 13),
(62, '2018-06-06 16:09:30.000000', 'njkd', '', 13),
(63, '2018-06-06 16:15:43.000000', 'nfijef', '', 13),
(64, '2018-06-06 16:17:03.000000', 'dvdfferf', '', 13),
(65, '2018-06-06 16:17:40.000000', 'osdoifcs', '', 13),
(66, '2018-06-06 16:17:51.000000', 'dsnsff', '', 13),
(67, '2018-06-06 16:17:53.000000', 'dsnsff', '', 13),
(68, '2018-06-06 16:18:29.000000', 'sdds', '', 13),
(69, '2018-06-06 16:18:30.000000', 'sdds', '', 13),
(70, '2018-06-06 16:18:32.000000', 'sdds', '', 13),
(71, '2018-06-06 16:18:32.000000', 'sdds', '', 13),
(72, '2018-06-06 16:18:33.000000', 'sdds', '', 13),
(73, '2018-06-06 16:18:43.000000', 'sdcsdsdcdcccc', '', 13),
(74, '2018-06-06 16:21:55.000000', 'hffhffff', '', 13),
(75, '2018-06-06 17:20:29.000000', 'trhtrhtht', '', 19),
(76, '2018-06-06 22:54:32.000000', 'kkkkn', '', 13),
(77, '2018-06-06 22:54:34.000000', 'kkkkn', '', 13),
(78, '2018-06-06 22:54:35.000000', 'kkkkn', '', 13),
(79, '2018-06-06 22:54:36.000000', 'kkkkn', '', 13),
(80, '2018-06-06 22:54:37.000000', 'kkkkn', '', 13),
(81, '2018-06-06 22:54:37.000000', 'kkkkn', '', 13),
(82, '2018-06-06 22:54:37.000000', 'kkkkn', '', 13),
(83, '2018-06-06 22:54:41.000000', 'kkkknkjjj', '', 13),
(84, '2018-06-06 22:54:42.000000', 'kkkknkjjj', '', 13),
(85, '2018-06-06 22:54:42.000000', 'kkkknkjjj', '', 13),
(86, '2018-06-06 22:54:42.000000', 'kkkknkjjj', '', 13),
(87, '2018-06-06 22:54:50.000000', 'iijjjjjjjjjjjjjjjjjjjjjjjjjjjjjjjjjjjjjjjjjj', '', 13),
(88, '2018-06-06 22:54:52.000000', 'iijjjjjjjjjjjjjjjjjjjjjjjjjjjjjjjjjjjjjjjjjj', '', 13),
(89, '2018-06-06 22:55:15.000000', 'jiji', '', 13),
(90, '2018-06-06 22:55:17.000000', 'jiji', '', 13),
(91, '2018-06-06 22:58:54.000000', 'j', '', 13),
(92, '2018-06-06 22:59:03.000000', 'j', '', 13),
(93, '2018-06-06 22:59:22.000000', 'iji', '', 13),
(94, '2018-06-06 22:59:33.000000', 'imrsnnn', '', 13),
(95, '2018-06-06 22:59:33.000000', 'imrsnnn', '', 13),
(96, '2018-06-06 22:59:37.000000', 'imrsnnn', '', 13),
(97, '2018-06-06 22:59:39.000000', 'imrsnnn', '', 13),
(98, '2018-06-06 22:59:40.000000', 'imrsnnn', '', 13),
(99, '2018-06-06 22:59:41.000000', 'imrsnnn', '', 13),
(100, '2018-06-06 22:59:50.000000', 'i', '', 13),
(101, '2018-06-06 22:59:52.000000', 'i', '', 13),
(102, '2018-06-06 22:59:52.000000', 'i', '', 13),
(103, '2018-06-06 22:59:52.000000', 'i', '', 13),
(104, '2018-06-06 22:59:53.000000', 'i', '', 13),
(105, '2018-06-06 22:59:53.000000', 'i', '', 13),
(106, '2018-06-06 22:59:53.000000', 'i', '', 13),
(107, '2018-06-06 22:59:53.000000', 'i', '', 13),
(108, '2018-06-06 22:59:53.000000', 'i', '', 13),
(109, '2018-06-06 22:59:53.000000', 'i', '', 13),
(110, '2018-06-06 22:59:54.000000', 'i', '', 13),
(111, '2018-06-06 22:59:54.000000', 'i', '', 13),
(112, '2018-06-06 22:59:54.000000', 'i', '', 13),
(113, '2018-06-06 22:59:54.000000', 'i', '', 13),
(114, '2018-06-06 22:59:54.000000', 'i', '', 13),
(115, '2018-06-06 22:59:54.000000', 'i', '', 13),
(116, '2018-06-06 22:59:55.000000', 'i', '', 13),
(117, '2018-06-06 22:59:55.000000', 'i', '', 13),
(118, '2018-06-06 22:59:55.000000', 'i', '', 13),
(119, '2018-06-06 22:59:55.000000', 'i', '', 13),
(120, '2018-06-06 22:59:55.000000', 'i', '', 13),
(121, '2018-06-06 22:59:55.000000', 'i', '', 13),
(122, '2018-06-06 22:59:56.000000', 'i', '', 13),
(123, '2018-06-06 22:59:56.000000', 'i', '', 13),
(124, '2018-06-06 22:59:56.000000', 'i', '', 13),
(125, '2018-06-06 23:00:14.000000', 'i', '', 13),
(126, '2018-06-06 23:00:36.000000', 'i', '', 13),
(127, '2018-06-06 23:01:35.000000', 'im', '', 13),
(128, '2018-06-06 23:01:38.000000', 'im', '', 13),
(129, '2018-06-06 23:01:38.000000', 'im', '', 13),
(130, '2018-06-06 23:01:39.000000', 'im', '', 13),
(131, '2018-06-06 23:02:01.000000', 'aa', '', 13),
(132, '2018-06-06 23:03:54.000000', 'im', '', 13),
(133, '2018-06-06 23:03:55.000000', 'im', '', 13),
(134, '2018-06-06 23:03:57.000000', 'im', '', 13),
(135, '2018-06-06 23:04:04.000000', 'ooiwqoidwoidw', '', 13),
(136, '2018-06-06 23:04:04.000000', 'ooiwqoidwoidw', '', 13),
(137, '2018-06-06 23:04:05.000000', 'ooiwqoidwoidw', '', 13),
(138, '2018-06-06 23:04:05.000000', 'ooiwqoidwoidw', '', 13),
(139, '2018-06-06 23:06:01.000000', 'im', '', 13),
(140, '2018-06-06 23:06:03.000000', 'im', '', 13),
(141, '2018-06-06 23:06:21.000000', 'oioioioo', '', 19),
(142, '2018-06-06 23:06:23.000000', 'oioioioo', '', 19),
(143, '2018-06-06 23:06:37.000000', 'iiuhiuh', '', 13),
(144, '2018-06-07 04:04:31.000000', 'iji', '', 13),
(145, '2018-06-07 04:04:33.000000', 'iji', '', 13),
(146, '2018-06-07 04:31:05.000000', 'wihfow', '', 13),
(147, '2018-06-07 09:58:03.000000', 'dcdcnd', '', 13),
(148, '2018-06-07 09:58:11.000000', 'ssssssssssssssssss', '', 13),
(149, '2018-06-07 09:58:38.000000', 'cscsd', '', 13),
(150, '2018-06-07 09:58:46.000000', 'fefvverfvfe', '', 19),
(151, '2018-06-07 09:58:50.000000', 'vvvvvvvvvvvvvvvvvvvvvvvvv', '', 19),
(152, '2018-06-07 09:58:57.000000', 'vevevevee', '', 13),
(153, '2018-06-07 09:59:03.000000', 'vrrrrroievoierve', '', 13),
(154, '2018-06-07 09:59:23.000000', 'vever', '', 13),
(155, '2018-06-07 10:01:06.000000', 'koemfe', '', 13),
(156, '2018-06-07 10:03:14.000000', 'mveorvmer', '', 13),
(157, '2018-06-07 10:03:18.000000', 'oekoerk', '', 13),
(158, '2018-06-07 10:06:25.000000', 'dvdfb', '', 10),
(159, '2018-06-07 10:06:35.000000', 'rverv', '', 13),
(160, '2018-06-07 10:09:07.000000', 'omeeevee', '', 13),
(161, '2018-06-07 10:09:16.000000', 'pmevme', '', 13),
(162, '2018-06-07 10:16:09.000000', 'msdoc', '', 13),
(163, '2018-06-07 10:16:38.000000', 'mdokds', '', 13),
(164, '2018-06-07 10:16:40.000000', 'dcsdcsdc', '', 13),
(165, '2018-06-07 10:17:34.000000', 'kdmvkd', '', 13),
(166, '2018-06-07 10:40:40.000000', 'fijeorg', '', 13),
(167, '2018-06-07 10:40:41.000000', 'fijeorg', '', 13),
(168, '2018-06-07 10:40:43.000000', 'regregrgrg', '', 13),
(169, '2018-06-07 10:40:59.000000', 'rrrrrrrrrrr', '', 13),
(170, '2018-06-07 11:24:11.000000', 'vchsdv', '', 13),
(171, '2018-06-07 11:56:40.000000', 'fbgfn', '', 13),
(172, '2018-06-07 11:57:59.000000', 'gewgerg', '', 19),
(173, '2018-06-07 11:58:01.000000', 'ergregreg', '', 19),
(174, '2018-06-07 11:58:12.000000', 'gerg', '', 19),
(175, '2018-06-07 11:58:13.000000', 'gergegreg', '', 19),
(176, '2018-06-07 11:58:22.000000', 'gregg', '', 13),
(177, '2018-06-07 11:58:24.000000', 'ergregreg', '', 13),
(178, '2018-06-07 11:58:45.000000', 'gergerg', '', 13),
(179, '2018-06-07 11:58:54.000000', 'rrrgerge', '', 19),
(180, '2018-06-07 11:59:50.000000', 'dmokcsdc', '', 13),
(181, '2018-06-07 12:00:06.000000', 'fsfsf', '', 13),
(182, '2018-06-07 12:00:25.000000', 'reger', '', 13),
(183, '2018-06-07 12:01:16.000000', 'fireu', '', 19),
(184, '2018-06-07 12:01:20.000000', 'rfergreg', '', 13),
(185, '2018-06-07 12:01:25.000000', 'egergeg', '', 19),
(186, '2018-06-07 12:01:29.000000', 'gergegg', '', 13),
(187, '2018-06-07 12:01:35.000000', 'gergregrrr', '', 19),
(188, '2018-06-07 12:01:36.000000', 'rrrrrrrrrrrrrrrrrrrrrrrrrrrrrrr', '', 19),
(189, '2018-06-07 12:01:41.000000', 'gregegre', '', 13),
(190, '2018-06-07 12:05:22.000000', 'ieriue', '', 19),
(191, '2018-06-07 12:05:23.000000', 'ieriue', '', 19),
(192, '2018-06-07 12:05:24.000000', 'ieriue', '', 19),
(193, '2018-06-07 12:05:29.000000', 'gergerg', '', 19),
(194, '2018-06-07 12:05:31.000000', 'gergerg', '', 19),
(195, '2018-06-07 12:05:41.000000', 'grregerg', '', 13),
(196, '2018-06-07 12:05:44.000000', 'gggggggg', '', 13),
(197, '2018-06-07 12:06:03.000000', 'gregerg', '', 19),
(198, '2018-06-07 12:06:07.000000', 'regreg', '', 13),
(199, '2018-06-07 12:06:09.000000', 'gregerger', '', 13),
(200, '2018-06-07 12:06:12.000000', 'gregregreg', '', 19),
(201, '2018-06-07 12:11:37.000000', 'fbfbfb', '', 13),
(202, '2018-06-07 12:26:47.000000', 'fdfgtrgr', '', 13),
(203, '2018-06-07 12:26:51.000000', 'ggggggggg', '', 13),
(204, '2018-06-07 12:27:14.000000', 'gggg', '', 13),
(205, '2018-06-07 12:29:19.000000', 'dfregrg', '', 13),
(206, '2018-06-07 12:29:22.000000', 'gggggggggggggg', '', 13),
(207, '2018-06-07 12:29:27.000000', 'grgrgrgrg', '', 13),
(208, '2018-06-07 12:29:42.000000', 'ggggggggggggggr', '', 13),
(209, '2018-06-07 12:38:14.000000', 'dsdsf', '', 13),
(210, '2018-06-07 12:38:42.000000', 'dcdcd', '', 13),
(211, '2018-06-07 13:00:49.000000', 'dvfdv', '', 13),
(212, '2018-06-07 13:13:55.000000', 'ssss', '', 13),
(213, '2018-06-07 13:28:05.000000', 'ssd', '', 13),
(214, '2018-06-08 12:47:50.000000', 'rgrtgrgr', '', 13),
(215, '2018-06-08 12:47:56.000000', 'ttttttttttttttttttttttttttt', '', 13),
(216, '2018-06-08 15:12:11.000000', 'nidicv', '', 13),
(217, '2018-06-08 15:45:36.000000', 'yry', '', 13),
(218, '2018-06-08 15:48:33.000000', 'geterrryrty', '', 13),
(219, '2018-06-08 17:19:52.000000', 'hththth', '', 13),
(220, '2018-06-11 12:10:45.000000', 'bfbgfg', '', 13),
(221, '2018-06-11 12:22:07.000000', 'vddfv', '', 13),
(222, '2018-06-11 12:22:11.000000', 'vfdvdf', '', 10),
(223, '2018-06-12 12:01:39.000000', 'fdfgtr', '', 13),
(224, '2018-06-12 12:01:44.000000', 'hrttttttttttttttt', '', 13),
(225, '2018-06-12 12:02:11.000000', 'ergereg', '', 10),
(226, '2018-06-12 12:02:13.000000', 'rrrrrrrrrrr', '', 10),
(227, '2018-06-12 12:02:17.000000', 'gffgrgrg', '', 13),
(228, '2018-06-12 12:59:39.000000', 'eferf', '', 13),
(229, '2018-06-12 12:59:45.000000', 'fefrefrefref', '', 10),
(230, '2018-06-13 17:00:46.000000', 'ewerwerewr', '', 13);

-- --------------------------------------------------------

--
-- Table structure for table `privatechat`
--

CREATE TABLE `privatechat` (
  `message_id` int(11) NOT NULL,
  `created_time` timestamp NOT NULL DEFAULT CURRENT_TIMESTAMP ON UPDATE CURRENT_TIMESTAMP,
  `message_text` varchar(100) NOT NULL,
  `sender_id` int(20) NOT NULL,
  `receiver_id` int(20) NOT NULL
) ENGINE=InnoDB DEFAULT CHARSET=latin1;

--
-- Dumping data for table `privatechat`
--

INSERT INTO `privatechat` (`message_id`, `created_time`, `message_text`, `sender_id`, `receiver_id`) VALUES
(3, '2018-06-06 23:16:10', 'its bharat', 17, 13),
(4, '2018-06-06 23:16:10', 'its imran', 13, 17),
(5, '2018-06-07 05:06:31', 'its imran', 13, 10),
(6, '2018-06-07 05:06:31', 'its ahmed', 10, 13),
(7, '2018-06-07 05:45:22', 'its imran to ahamed', 13, 10),
(8, '2018-06-07 06:45:01', 'hai', 13, 10),
(9, '2018-06-07 07:08:46', 'dcdcd', 17, 10),
(10, '2018-06-11 07:25:47', 'haii', 10, 21);

--
-- Indexes for dumped tables
--

--
-- Indexes for table `chat`
--
ALTER TABLE `chat`
  ADD PRIMARY KEY (`uid`);

--
-- Indexes for table `messages`
--
ALTER TABLE `messages`
  ADD PRIMARY KEY (`messageId`),
  ADD KEY `messages_ibfk_1` (`messageSenderId`);

--
-- Indexes for table `privatechat`
--
ALTER TABLE `privatechat`
  ADD PRIMARY KEY (`message_id`),
  ADD KEY `messageSenderId` (`sender_id`),
  ADD KEY `messageReceiverId` (`receiver_id`);

--
-- AUTO_INCREMENT for dumped tables
--

--
-- AUTO_INCREMENT for table `chat`
--
ALTER TABLE `chat`
  MODIFY `uid` int(50) NOT NULL AUTO_INCREMENT, AUTO_INCREMENT=22;

--
-- AUTO_INCREMENT for table `messages`
--
ALTER TABLE `messages`
  MODIFY `messageId` int(11) NOT NULL AUTO_INCREMENT, AUTO_INCREMENT=231;

--
-- AUTO_INCREMENT for table `privatechat`
--
ALTER TABLE `privatechat`
  MODIFY `message_id` int(11) NOT NULL AUTO_INCREMENT, AUTO_INCREMENT=11;

--
-- Constraints for dumped tables
--

--
-- Constraints for table `messages`
--
ALTER TABLE `messages`
  ADD CONSTRAINT `messages_ibfk_1` FOREIGN KEY (`messageSenderId`) REFERENCES `chat` (`uid`) ON DELETE CASCADE ON UPDATE CASCADE;

--
-- Constraints for table `privatechat`
--
ALTER TABLE `privatechat`
  ADD CONSTRAINT `privatechat_ibfk_1` FOREIGN KEY (`sender_id`) REFERENCES `chat` (`uid`),
  ADD CONSTRAINT `privatechat_ibfk_2` FOREIGN KEY (`receiver_id`) REFERENCES `chat` (`uid`);
COMMIT;

/*!40101 SET CHARACTER_SET_CLIENT=@OLD_CHARACTER_SET_CLIENT */;
/*!40101 SET CHARACTER_SET_RESULTS=@OLD_CHARACTER_SET_RESULTS */;
/*!40101 SET COLLATION_CONNECTION=@OLD_COLLATION_CONNECTION */;
